created_at;status_id;text
2021-04-10T15:11:24Z;1380901232932446211;Got my first dose of the  CovidVaccine     vaccine  covid
2021-04-09T18:40:07Z;1380591369564139521;21 Safeways show  CovidVaccine slots in CA  1071 11th St  Lakeport 1444 Shattuck Place  Berkeley 1520 Brundage Lane  Bakersfield 2449 West Kettleman Lane  Lodi 2601 Balls Ferry Road  Anderson 43543 20th Street West  Lancaster
2021-04-10T13:10:07Z;1380870709958819841;156 Rite Aids show  CovidVaccine slots in CA  Apple Valley Banning Barstow Beaumont Blue Jay Blythe Bonita Brawley Cathedral City Coachella El Centro Fresno Hesperia Indio Long Beach Los Angeles Needles Palm Desert Palm Springs Twentynine Palms Yucca Valley
2021-04-09T16:28:55Z;1380558354267975695;154 Rite Aids show  CovidVaccine slots in CA  Agoura Hills Banning Beaumont Blythe Bonita Canyon Country Cathedral City Chula Vista Corona Coronado Encinitas Fresno Granada Hills Indio La Habra Long Beach Los Angeles Rancho Cucamonga San Diego Temple City
2021-04-08T18:07:41Z;1380220821650743304;365 Rite Aids show  CovidVaccine slots in CA  Bell Gardens Beverly Hills Culver City Downey El Segundo Fresno Gardena Hollywood Inglewood Los Angeles Lynwood Rolling Hills Ests Roseville Santa Monica Santa Rosa Southgate Torrance West Hollywood Whittier
2021-04-09T11:08:26Z;1380477700486406148;137 Rite Aids show  CovidVaccine slots in CA  Apple Valley Banning Beaumont Blythe Bonita Brawley Cathedral City Coachella Fresno Hesperia Indio Needles Palm Desert Palm Springs Phelan Redlands San Bernardino Twentynine Palms Victorville Yucca Valley
2021-04-10T02:21:09Z;1380707394301345793;4 CVS locations show  CovidVaccine slots in CA  Chico Eureka Valley Springs Weaverville
2021-04-08T08:01:07Z;1380068171135258636;71 CVS locations show  CovidVaccine slots in CA  Anaheim Anaheim Hills Arvin Azusa Bakersfield Baldwin Park Beverly Hills Carson Chino Clovis Corona Covina Cupertino Del Mar Discovery Bay Encinitas Encino Eureka Fallbrook Fremont Fresno Fullerton Gardena Gilroy
2021-04-09T20:04:03Z;1380612493073117185;5 CVS locations show  CovidVaccine slots in CA  Chico Eureka Pollock Pines Valley Springs Weaverville
2021-04-10T15:08:13Z;1380900431451328518;Such is the real risk benefit analysis of the  Covid 19     CovidVaccine      Either the  EMA lacks the subject matter expertise to appreciate the molecular science of this reality  or it lacks the medical ethics to act accordingly    
2021-04-10T15:05:53Z;1380899845951524864;Vaccine  1    Thank you Cambodia        JC99  COVIDVaccine   Koh Pich Island 
2021-04-09T15:10:58Z;1380538736207872000;recently learnt about this    CovidVaccine tablet  targeting both the S and N  SARSCoV2 proteins    phase 1 shows good immunogenicity and tolerability  pretty cool idea    Immunity  vaccine  COVID19
2021-04-09T16:51:03Z;1380563922726567937;10 CVS locations show  CovidVaccine slots in GA  Albany Augusta Columbus Dalton Douglasville Macon Perry Sandersville Savannah Vidalia
2021-04-09T21:28:54Z;1380633845087735809;10 Rite Aids show  CovidVaccine slots in VA  Carrollton  23314  Hampton  23663  Hampton  23669  Poquoson  23662  Portsmouth  23703  Richmond  23220  Suffolk  23434  Suffolk  23435  Virginia Beach  23452  Virginia Beach  23455  
2021-04-08T17:12:24Z;1380206909333065730;5 Rite Aids show  CovidVaccine slots in VA  Hampton  23669  Poquoson  23662  Portsmouth  23701  Virginia Beach  23462  
2021-04-08T23:03:25Z;1380295245175349251;8 Rite Aids show  CovidVaccine slots in VA  Carrollton  23314  Hampton  23669  Newport News  23602  Poquoson  23662  Portsmouth  23703  Suffolk  23435  Virginia Beach  23454  
2021-04-08T20:21:00Z;1380254370613321728;5 Rite Aids show  CovidVaccine slots in VA  Carrollton  23314  Hampton  23669  Poquoson  23662  Suffolk  23435  Virginia Beach  23462  
2021-04-10T06:28:22Z;1380769609306025986;12 Rite Aids show  CovidVaccine slots in VA  Carrollton  23314  Hampton  23663  Hampton  23669  Norfolk  23503  Poquoson  23662  Portsmouth  23701  Richmond  23220  Suffolk  23434  Suffolk  23435  Virginia Beach  23452  Virginia Beach  23455  
2021-04-09T04:34:54Z;1380378663963783168;7 Rite Aids show  CovidVaccine slots in VA  Carrollton  23314  Hampton  23663  Hampton  23669  Poquoson  23662  Suffolk  23435  Virginia Beach  23462  
2021-04-10T05:22:19Z;1380752986675249154;1 Safeways show  CovidVaccine slots in VA  4215 Cheshire Station Plaza  Dale City
2021-04-08T23:06:39Z;1380296057272287234;14 Rite Aids show  CovidVaccine slots in VA  Hampton  23663  Hampton  23669  Newport News  23602  Norfolk  23517  Poquoson  23662  Portsmouth  23701  Portsmouth  23703  Suffolk  23435  Virginia Beach  23451  Virginia Beach  23452  Virginia Beach  23454 
2021-04-10T02:34:24Z;1380710727019810820;15 Rite Aids show  CovidVaccine slots in VA  Hampton  23663  Hampton  23669  Newport News  23602  Poquoson  23662  Richmond  23220  Suffolk  23434  Virginia Beach  23451  Virginia Beach  23452  Virginia Beach  23454  Virginia Beach  23455 
2021-04-09T11:27:38Z;1380482531720577024;4 Rite Aids show  CovidVaccine slots in VA  Carrollton  23314  Hampton  23669  Poquoson  23662  Suffolk  23435  
2021-04-09T17:34:53Z;1380574953465057287;8 Rite Aids show  CovidVaccine slots in VA  Carrollton  23314  Hampton  23663  Hampton  23669  Newport News  23602  Norfolk  23505  Poquoson  23662  Suffolk  23435  
2021-04-07T22:18:09Z;1379921463717851138;4 Rite Aids show  CovidVaccine slots in VA  Colonial Heights  23834  Hampton  23669  Norfolk  23517  Poquoson  23662  
2021-04-08T17:25:23Z;1380210175315968005;7 Rite Aids show  CovidVaccine slots in VA  Hampton  23669  Norfolk  23505  Norfolk  23517  Poquoson  23662  Virginia Beach  23462  Virginia Beach  23464  
2021-04-09T13:59:31Z;1380520755520229376;Few rural residents who say they won t get a  CovidVaccine change their mind in response to information or incentives   As with the general public  those who want to  wait and see  how the vaccine works in others are more persuadable   
2021-04-10T14:47:07Z;1380895121877708806;I have honestly never been more excited to book something online  other than a great vacation  until today  when I was able to book my first COVID jab  Crazy times     CovidVaccine  Pfizer  excited
2021-04-10T08:49:29Z;1380805120351481860;2 Safeways show  CovidVaccine slots in MD  10335 Reisterstown Road  Owings Mills 751 S  Salisbury Blvd   Salisbury
2021-04-08T20:33:20Z;1380257476034105344;11 Safeways show  CovidVaccine slots in MD  101 Big Elk Mall  Elkton 225 Brierhill Dr   Bel Air 4370 Montgomery Road  Ellicott City 540 Benfield Road  Severna Park 751 S  Salisbury Blvd   Salisbury 7595 Greenbelt Rd  Greenbelt
2021-04-10T04:40:54Z;1380742560507949056;5 Safeways show  CovidVaccine slots in MD  10 King Street  Waldorf 1925 Main Street  Chester 3051 Waldorf Market Place  Waldorf 751 S  Salisbury Blvd   Salisbury 990 East Swann Creek Road  Fort Washington
2021-04-10T14:20:57Z;1380888538108067843;18 Safeways show  CovidVaccine slots in MD  225 Brierhill Dr   Bel Air 2401 N  Charles Street  Baltimore 2610 Boston Street  Baltimore 444 Wmc Drive  Westminster 751 S  Salisbury Blvd   Salisbury 7595 Greenbelt Rd  Greenbelt
2021-04-10T14:39:37Z;1380893236286345227;Get vaccinated  LOSER   When you can        CovidVaccine  vaccinated 
2021-04-10T14:39:23Z;1380893176660168707;Got my second shot    CovidVaccine  FauciOuchie  ThingsAreLookingUp  
2021-04-10T14:30:57Z;1380891054786936837;Proud to join  TeamVaccine  in Monroeville vaccine clinic to fight off  COVID19 with  JohnsonandJohnson        CovidVaccine  SaturdayVibes  MedStudentTwitter 
2021-04-10T14:22:57Z;1380889041609093133;IDIOT BOX REPULSION and CONSPIRACY THEORY BELIEF  MINDSHOCK PODCAST CLIPS       repulsion  idiotbox  Trump  JoeRogan  truth  conspiracy  conspiracytheory  conspiracytheories  psychology  truther  qanon  tinfoilhat  covid  CovidVaccine
2021-04-10T14:19:40Z;1380888213460545538;Seeing all these recalls on the JnJ  CovidVaccine makes me so glad i got  PfizerVaccine
2021-04-10T12:26:41Z;1380859780634398730;I can t decide if this is clever or horrifying   CovidVaccine  
2021-04-10T14:04:46Z;1380884466185482249;It s not all the government s fault       COVID19  COVID19BC  Canada  CovidVaccine  society  begoodtoyourself
2021-04-10T14:18:39Z;1380887955913474048; I m an ICU nurse and got my vaccine as soon as it was made available to me  I am happy with my decision and relieved that this protects me against getting severely ill  hospitalized  or worse  I have 2 boys that I am raising and I sure can t be a mom if I m dead          CovidVaccine
2021-04-10T13:59:51Z;1380883226034630659;Looking forward to hugging my friends soon   CovidVaccine  vaccinated 
2021-04-09T17:19:39Z;1380571121758658561;My brother just called to say he got his AZ  CovidVaccine at a Shoppers somewhere near Dufferin   Eglinton area just by calling them to see if they had walk ins and they did 
2021-04-10T13:56:28Z;1380882373672366082; CovidVaccine day 1  Arm is kind of sore but it doesn t feel like anything a little ibuprofen can t help 
2021-04-09T10:26:54Z;1380467248591208460;Forced vaccination incoming  Covid19UK  coronavirusuk  CovidVaccine  Propaganda  MasksOff  usforthem  leaveourkidsalone 
2021-04-10T13:52:41Z;1380881422639116293;  Be all you can be should include BE VACCINATED        CovidVaccine   TraitorsSupportTraitorTrump   
2021-04-10T13:51:56Z;1380881233555623937;1 down   Pfizer   1 more to go  I feel so happy I can't wait for the 2nd   CovidVaccine 
2021-04-07T22:16:19Z;1379921001178402820;1 in 4 Americans Don't Want A Vaccine  Putting Herd Immunity At Risk   Shots  CovidVaccine   Let the 25  rot  The only ones getting  herd immunity   are the unvaccinated  while the remainder of us will have protection   COVID19  
2021-04-09T06:10:07Z;1380402625124970496;Covid  Australia faces vaccine delays after changing AstraZeneca advice  Stories from 8 sources   Photo via Metro      vaccine  astrazeneca  covid  covidvaccine 
2021-04-10T13:09:29Z;1380870553574244353;In line at M T Bank      for my second Fauci Ouchie  For those who are curious  they now have 2 separate lines  one for appointments and one for walk ups   CovidVaccine
2021-04-09T17:40:08Z;1380576273622315008;Coronavirus Variants and Vaccines   Coronavirus  COVID 19    JN Learning   AMA Ed Hub   This is a great video about Covid vaccines vs  variants    Covidvaccine 
2021-04-08T04:10:51Z;1380010225915228164;PM Modi Takes 2nd Dose of Bharat Biotech's Covaxin at AIIMS  Says Get Your Shot Soon if Eligible     PMModi  CovidVaccine  CoronaVaccination
2021-04-10T12:49:00Z;1380865397805711366;We need the  fda to review  CovidVaccine for children soon  Safe opening of schools next year is important  Many children lost valuable time with no real education  We are running out of time  
2021-04-10T12:46:46Z;1380864834523250697;Did you take the  CovidVaccine    AstraZeneca
2021-04-10T12:45:31Z;1380864519493230593;What happened All of a Sudden I am hearing the news of  shortage of  COVIDVaccination in  India especially in  Pune    Mumbai   If it's true Can We minimize Export as well as as Maximize Production    MaharashtraGovernment  COVID19India  CovidVaccine
2021-04-08T04:05:27Z;1380008866897793024; Note in the 2nd wave india is now 1/6 of all world new cases and covid deaths are going to mount  COVID19  mumbai  CovidVaccine
2021-04-10T12:43:44Z;1380864072015568905;Cracked a Churchill joke the other day  and now I've turned it into a t shirt     V  for Vaccinated    You can get one here  if you're cool     COVID19  CovidVaccine  PfizerPfam  ModernaGang  JohnsonAndJohnsonVaccine  English 
2021-04-09T23:43:14Z;1380667652499197954;Private colleges and universities are leading the way by requiring COVID 19 vaccines for students for Fall 2021  Add Syracuse University to the list   bbn  SyracuseU  CovidVaccine  collegecovid  collegestudents 
2021-04-08T07:21:40Z;1380058244542959618;This scares me AZ won't work on varian  Morrison wants borders open  His plan was most likely still is AZ 4 40  of population   open borders  In which case moving to USA where Biden's vaccinating ppl with proper  covidvaccine looks a good option why are most ppl silent on this  
2021-04-09T10:46:49Z;1380472261103079427;You know  Genius   he might have had Covid before getting the  CovidVaccine or he might have got Covid within 2 3 weeks after the vaccine  So next time a known face gets  COVID19 virus upload a picture responsibly with your article  
2021-04-10T12:07:04Z;1380854842571296768;Does anyone know what's happening with the  Moderna  CovidVaccine in  Cyprus  When I booked an appt for a relative this morning  there were options for AZ and Pfizer but no Moderna 
2021-04-07T21:19:14Z;1379906636173750275; CovidVaccine kills   Proof here  246 fully vaccinated Michigan residents test positive for Covid and three die 
2021-04-10T12:00:56Z;1380853301835665412;How does the  COVIDVaccine work      It works by teaching your immune system how to defend itself against attack from the virus       Pop up services available across  SELondon this weekend  including walk ins  no booking needed     SouthEastLondon 
2021-04-10T10:51:23Z;1380835796056440832;Eligible for the life saving  COVIDVaccine  If you haven't had your first dose yet  head down to one of many pop up clinics running across  SELondon this weekend    More info here     
2021-04-08T10:59:58Z;1380113184040886274;  reporting on reports symptom reduction in many  COVID19  long haulers  post  COVIDVaccine  Never had COVID but I very next day after  vaccine I felt different  In general  my mood was noticeably different  That vaccine did something to me  
2021-04-10T11:31:20Z;1380845850491039746;Shot  2 Day  2  Vaccine from yesterday  Got my Vaccine   8 30 am EST     6 am I started feeling a little hot I took my temp   I am running a tiny Temp  My arm hurts a lot more this time  Just taking Tylenol   will ride this out today  Under a blanket watching TV   CovidVaccine 
2021-04-10T11:27:07Z;1380844791974535175;All done     CovidVaccine 
2021-04-10T11:25:00Z;1380844256403759110;Countless people who never caught  and possibly never would catch  COVID19  are putting themselves through this  All because of media hype  peer pressure  and the promise of a sticker  Not to mention the one's who don't even live to show off the sticker      CovidVaccine  Corona 
2021-04-08T13:12:46Z;1380146603919601664; Sinopharm  CovidVaccine is reportedly 79  effective in preventing  COVID19 infection  In       it is given to the  HealthcareWorkers   the elderly  It requires 2 doses  which means each person must get 2 jabs with a gap of 21 28 days  whereas it starts working after the 2nd shot 
2021-04-10T11:09:18Z;1380840306107645952;Hi ho hi ho  for vaccine number 2 I go   It'll be nice and quick  just one little prick  Hi ho  Hi ho Hi ho Hi ho    justsayyes  CovidVaccine  vaccine2 
2021-04-08T04:22:51Z;1380013244543160323;Australia s missing 3 1m  covid doses found   Just sit right back and you'll hear another Scotty tale  A tale of a fateful trip That started from an EU port Aboard this mighty ship  The weather started getting rough  The mighty ship was tossed  And all our  CovidVaccine was lost 
2021-04-10T10:37:24Z;1380832279614922758;Global privilege  this highlights the devastating global distribution of wealth  and the people that are in real danger of the maximum effects of climate change   rich  poor  GlobalWarming  COVID19  CovidVaccine 
2021-04-10T10:17:02Z;1380827151725891584;Third day in bed after getting the vaccine   Thought symptoms only lasted for 48 hours       Haven t seen Roxy since Wednesday so am now getting pony withdrawal symptoms too         CovidVaccine  FedUp  StillWorthItThough  NeedPonyTherapy
2021-04-09T07:38:55Z;1380424975375462401;Is Covid vaccine export right  putting your countrymen at risk  Rahul asks PM    NarendraModi   PMOIndia   CovidVaccine   newdelhi 
2021-04-10T09:42:45Z;1380818525355446273;EU agency examines reports of blood clots with J J  CovidVaccine  
2021-04-10T09:42:42Z;1380818513447813124;Am I missing something with vaccine passports  The vaccine doesn't stop you getting the virus or spreading it  so why is Eggwina worried about sitting next to someone who hasn't had a jab   SARSCoV2  COVID19  CovidVaccine
2021-04-08T10:56:01Z;1380112188824780802;                55 08   Herd immunity requires around 85    Covid19UK  CovidVaccine
2021-04-09T09:30:13Z;1380452981737467905;Tomorrow people of all faiths or none are welcome from 1 15 5pm at South London Islamic Centre    in  Lambeth to get their  CovidVaccine   available to all over 50s and those in at risk groups        KeepLambethSafe   
2021-04-08T12:04:17Z;1380129366160498690; MCExclusive  India has decided to stop shipping out anti  COVID vaccines  in the face of intense pressure to inoculate more Indian citizens   reports     Coronavirus  COVIDVaccine  COVIDVaccineRace   
2021-04-10T08:38:11Z;1380802274750963715; Caught by the Third Umpire        ha ha ha   CORONAVIRUS   CovidVaccine
2021-04-10T08:35:04Z;1380801490558857217;I was so taken by the way in which you rose above your personal sorrow to reaffirm the importance of having the  CovidVaccine Truly an inspirational and noble  Pharmacist Our profession is honoured to have you  
2021-04-08T07:04:34Z;1380053941833056256;GAY S COVID VACCINE CONCIERGE SERVICE II    humor  writer  author  covid  covidvaccine  losangeles  beverlyhills  nyc  hamptons  miami  life  lifelessons  socialmedia  marketing  branding  blogger  podcast  Medium  Mediumcom  
2021-04-09T14:16:05Z;1380524922334683137;Tamil Nadu Chief Minister  received the second dose of COVID 19 vaccine on Friday    EdappadiPalaniswami  TamilNadu  COVID19  COVIDSecondWave  CovidVaccine  COVID19Vaccines 
2021-04-09T21:16:32Z;1380630735887900672;PM Narendra Modi rules out hard COVID 19   coronavirus  covid  covidvaccine  lockdown  narendramodi  nightcurfew
2021-04-10T08:11:41Z;1380795607699296258;  Netanyahu violated agreement with   and refused to approve a state budget as required by a government agreement all for his legal and political survival and led Israel to election 4 even at the cost of stopping Pizer's additional vaccinations for 2021/2022  CovidVaccine
2021-04-09T03:15:49Z;1380358764058976256;Serum Institute of India refunds  SouthAfrica for undelivered Covid 19 vaccines    seruminstitute  CovidVaccine  COVIDSecondWave  COVID19  Insight  TNI 
2021-04-10T08:03:57Z;1380793659902230533; Virudhunagar MP  got his first dose of  CovidVaccine at Virudhunagar GH  He also sought all those aged above 45 in the district to get vaccinated    VaccinationDrive    
2021-04-10T07:43:58Z;1380788632580149248;  It s a shame that BJP is cutting vaccine supplies in all Congress ruled states  But then what can one expect from the BJP  Wonder what was the PM cares fund set up for     CovidVaccine
2021-04-10T07:17:55Z;1380782078791401472;Prince Phillip dies at 99  weeks after being admitted in hospital for infection and heart surgery   oprahmeghanharry  CovidVaccine 
2021-04-10T07:14:49Z;1380781297484886018;Is  AstraZeneca  Covishield  vaccine safe  Answers to key questions  Corona  CoronaVirus  COVID  COVID19  CoronaSecondWave  CoronaVaccine  CovidVaccine  Health  HealthCare  Vaccines  Vaccination  India 
2021-04-10T06:21:38Z;1380767912647098370;All Taxpayers should get priority for  CovidVaccine after 65 plus citizens in  Pakistan    
2021-04-10T05:37:02Z;1380756686869209089;RIP DMX   DMXforever  CovidVaccine   
2021-04-09T04:51:45Z;1380382906758008836;He was admitted to  AIIMSBhubaneswar in a critical condition on Wednesday   Odisha  COVID  Coronavirus  COVIDvaccine  OdishaNews  Odishabytes  odishabytesnews 
2021-04-08T03:48:33Z;1380004611776409600;Good idea to Google for this article   antivaxx  antivaxxers  proscience  thankyouscience  provaxxer  COVIDVaxChat  CovidVaccine  VaccinesSaveLives  vaccinated  VaccinePassport 
2021-04-10T04:59:55Z;1380747347659948037;Sydney peeps  if you or someone you know is eligible for the COVID 19 vaccine but don t know where to get it  Green Square Health and Hyde Park Medical Centre have it    CovidVaccine  coronavirus  COVID19  vaccine  COVID19au
2021-04-10T04:46:23Z;1380743943978016772;As of today  both my parents received the  CovidVaccine  Thank you to  and all involved for rapid vaccination distribution  I can finally go home to see them safely  It's been a rough year  but we're getting through   
2021-04-09T14:28:05Z;1380527942510370819;DNA Top News  9  4  2021    Ladakh  COVIDVaccine  Vaccine  Kashmir  TheBigBull  IPL  IPL2021  MIvRCB  RCBvMI  MIvsRCB  RCBvsMI 
2021-04-10T03:34:18Z;1380725802690621440;It takes only Politics get the high impressions Lately  Their is more News in Science about  CovidVaccine Staying  healthylifestyle  ChauvinIsGuilty  TransRightsAreHumanRights  AsianLivesMatter  BeResponsible  CovidVaccine  FridayNight  BeKind  ThoughtsAndPrayers  WeekendReads
2021-04-09T15:13:40Z;1380539416503070728;J J  covidvaccine appointments still available for today  This is open to the public  Pikes Peak lot at DIA  not DEN     Denver  Colorado  
2021-04-10T03:16:30Z;1380721321731051524;Get yo vaccines       CovidVaccine  COVID19  MaskUp 
2021-04-10T03:12:11Z;1380720234810667010;J J COVID 19 vaccine under EU review over blood clots    COVIDVaccine  COVID19Vaccine  JohnsonAndJohnson
2021-04-10T02:56:15Z;1380716224733061121;Get your parents vaccinated   Covid 19  CovidVaccine  COVID19Vaccination  GovtOfPakistan 
2021-04-10T02:21:26Z;1380707465625366530;Made my first  CovidVaccine appointment for next week  So excited  
2021-04-10T02:21:03Z;1380707368850370560; Let s start with it killed       ripdmx  CovidVaccine
2021-04-09T00:21:06Z;1380314792058089472;COVID 19 vaccination doses administrated per 100 people       112 5      104 6      89 1      74 6      61 7      60 1      56 0      53 6      52 6      51 8      49 7      44 4      41 6      38 7      37 7      37 6      34 9      29 2      27 2      19 1      6 6    9 05   COVID19  COVIDVaccine  08/04/2021  OWID 
2021-04-10T00:47:57Z;1380683936637063168;Sure does             ENZC  CovidVaccine  Covid 19 
2021-04-10T00:36:12Z;1380680982546673665;Who s going to COVID19 Vaccination Happy Hour with me on Saturday  My appointment is 3 30 pm PST     CovidVaccine             
2021-04-10T00:30:45Z;1380679608517992450;Four hours in to dose 2 of the  Pfizer  CovidVaccine and I already can't move my arm   Cool   Still better than ending up on a vent  so I'll take it 
2021-04-10T00:18:56Z;1380676636417253380; I'm concerned the vaccine rollout in Canada was so late and didn't keep pace with other countries  Why we are still 50th in the world   Lets not lose sight of that and we should be much farther along where the variants wouldn't be so impactful    CovidVaccine
2021-04-10T00:07:01Z;1380673637477416960;After going to work onsite for the majority of the pandemic my day job set me up with my first dose of the Pfizer COVID19 vaccine  I m glad to be one step closer to herd immunity   PfizerGang  CovidVaccine  COVID19  pandemic  EssentialWorkers 
2021-04-09T15:20:11Z;1380541054320062470; One small step for Man  One GIANT leap for mankind    CovidVaccine  GetVaccinated  CarlLewis 
2021-04-09T22:56:00Z;1380655766735089670; This History of 'Vaccine Passports'            COVID19  covidvaccine  vaxnews  vaccines  vaccineswork  covid19vaccines  COVID19vaccine  vaccination
2021-04-09T23:40:29Z;1380666958060908547;Did prince Philip die from a brain cloth cause by the  AstraZeneca vaccine  BREAKING  BreakingNews  RoyalFamily  CovidVaccine  COVID19  covid  QueenElizabeth
2021-04-09T23:35:21Z;1380665670195507200;So excited about getting my first dose of the COVID vaccine on Tuesday    Pfizer  covidvaccine  firstdose 
2021-04-09T23:32:23Z;1380664922615463939;Whyyyy do people need to be told NOT to put their private medical information on the internet    CovidVaccine
2021-04-09T23:18:28Z;1380661421369929733;One down one to go  for the hubby and I   Daughter getting her first this weekend        CovidVaccine 
2021-04-09T23:17:38Z;1380661211310739462;Another    casualty  NoVaccinePassports  COVID19  CovidVaccine  WorldHealthDay 
2021-04-09T23:02:06Z;1380657302596956161;There are many questions about the COVID 19 vaccination and unfortunately  misleading propaganda  Today we will discuss the COVID vaccine and how it can protect you and others from the COVID 19 infection   Nursingpodcast  COVIDvaccine  on  Podbean
2021-04-09T23:01:49Z;1380657229620072451;this second vaccine kicked my ass     CovidVaccine
2021-04-09T22:58:36Z;1380656421633675266;got that national guard j j  extra microchip     covidvaccine  godblessamerica
2021-04-09T16:19:57Z;1380556096948031489;Why do people keep saying someone died  after  a  COVIDvaccine  Everybody frigging knows they died  from  the goddamn vaccine    scamdemic  plandemic  genocide  depopulation  COVID1984  CONvid
2021-04-09T22:47:49Z;1380653705746350091; Got my 2nd Pfizer shot today   VaccinesSaveLives  CovidVaccine  Covid 19
2021-04-09T22:35:52Z;1380650700502409225;COVID 19 vaccines do not change your DNA in any way   The two types of COVID 19 vaccines that have been authorized for use are  messenger RNA  mRNA  vaccines and viral vector vaccines    cdc  covid 19  covidvaccine  covidvaccinefacts  covidvaccinemyths  ehcjamaica 
2021-04-09T22:24:36Z;1380647861457719306;Get vaccinated   I m signed up for my 2nd dose next Thursday  Join me   VaccinesSaveLives  CovidVaccine  LFK 
2021-04-09T21:54:50Z;1380640374167756801;First shot done   CovidVaccine 
2021-04-09T21:46:16Z;1380638216395579392;Got my 1st   CovidVaccine dose today   decided to run 10K a few hours later  No notable changes in performance so far other than a little dry mouth        Note  pace is slower because this was not on a treadmill set at 2    We ll see what tomorrow brings    GetVaccinated    
2021-04-09T21:29:55Z;1380634099941974017;Join us at the Puentes CURE Resource Fair tomorrow  They will have free groceries and community resource materials  Receive a COVID 19 vaccine so come early  Happening from10am to 2pm at Mater Academy East  See flyer for more details    ResourceFair  LasVegas  CovidVaccine 
2021-04-09T21:06:06Z;1380628107724394496;This is an important finding  Let s get back to widespread use of the AZ vaccine   COVID19  CovidVaccine 
2021-04-09T20:46:54Z;1380623276536430595;Just received my second Pfizer dose  Really appreciate all the people out there that made this possible   CovidVaccine  Pfizer
2021-04-09T20:30:45Z;1380619212457041922;Should stop any criticism   Politics on  COVID19  coronavirus  India  CovidVaccine   COVIDSecondWaveThreat    Appeal to keep  Unity with  Humanity each others on  IndiaFightsCorona         
2021-04-09T20:23:02Z;1380617270616014865;We have to keep working together to build community protection against  COVID19 so we can go back to the new normal   enjoying parts of life we all have missed  The only way to get there is by getting vaccinated    Minnesota  MN  COVIDvaccine  VaccineRollout  VaccineEligibility 
2021-04-09T20:20:40Z;1380616673472835585;Nour Akhras is a pediatric infectious diseases physician by training and a former researcher in a cellular and molecular biology laboratory  Nour is also  Muslim  and believes the  CovidVaccine is not only allowed   but obligatory  
2021-04-09T12:13:00Z;1380493948196642822;Former Pfizer VP Says   Entirely possible this willbe used for massive scale depopulation    Watch The Full Video Here     gt     Covid19  CovidVaccine 
2021-04-09T19:50:03Z;1380608969119436801;We're Drop Tops   Selling limited edition  frozen in time pop culture    Get your Covid Vaccination yet   Let everyone one in your Drop Tops graphic tee   Shop now at    fauciouchie  covidvaccine  shopdroptops  vaccinated 
2021-04-09T19:49:48Z;1380608905055674370; Hi sir   did u get  CovidVaccine      
2021-04-09T19:37:09Z;1380605722703052800; Pfizer   this past Wednesday was shot  1   CovidVaccine
2021-04-08T20:40:50Z;1380259362598490115;For those who are hesitant about taking  CovidVaccine  until they see how they've affected other people  it's worth remembering the three approved in the U S  were already tested on 116 000 people before any of the general public got them  
2021-04-09T13:09:39Z;1380508205860724737;Still no  CovidVaccine appointments available in  SantaClaraCounty   OES confirms that when vaccines are available  people 16  will be allowed to pre book for next week when eligibility opens up  No word on when  will get next allotment from the state  
2021-04-09T19:24:47Z;1380602612177899527; The consequence of  Delaying Expanding  CovidVaccine to all people equally  is 3rd wave  4th wave until uncontrollable  That's the best way you want  Best of luck 
2021-04-09T19:15:25Z;1380600254119170048;What a fantastic story of cooperation   determination  Here s to the Doctors and Scientists   including my wife and many close friends   who search for truth in service of humanity  Thank you   Covid 19  CovidVaccine  sciencerules  thankyouDrs  
2021-04-09T19:14:17Z;1380599967056805888;Moderna Number 2     God bless all the scientists and public health officials who labored to make this a reality    provaxx  CovidVaccine 
2021-04-09T19:05:21Z;1380597718687477763;Yes  Gettting my second on Monday      GetVaccinated  Canada   CovidVaccine 
2021-04-09T19:07:25Z;1380598239012003843;The New York Times spoke with  Dr  Tim Callaghan on why Mississippi has few takers for 73 000 Covid Shots     vaccinehesitancy  covidvaccine  TAMU  TAMUSPH  12thForHealth  TAMUHealth  PublicHealth  TIPH  ASPPH
2021-04-09T18:56:34Z;1380595508494893061;Thank you Jess for the vaccine today  First   and feeling great   GetVaccinated  CovidVaccine  PfizerVaccine  BeSafe  Grateful 
2021-04-08T18:29:24Z;1380226284995801094;     Don't think there is any shortage in vaccine availability anywhere in the country  it is more of an operational or program related issue   Dr NK Arora  Executive Director  INCLEN on some states reporting a shortage of  CovidVaccine 
2021-04-09T18:55:24Z;1380595217493975044;News of many people getting tested positive for  COVID19      Actually how many percentage of people are getting covid even after recieving  CovidVaccine   
2021-04-09T18:45:33Z;1380592738421276675;This was the first week  administered over 3 000  CovidVaccine doses for  gallatincounty residents  says incident command lead Kallie Kujawa  She says all the clinics ran smoothly   mtnews
2021-04-09T18:48:35Z;1380593501298061317;Our  obstetric and infectious disease specialists have put together some helpful information about the safety of the  COVIDvaccine as it relates to  infertility   pregnancy and  breastfeeding  Check out the resources here   
2021-04-09T18:45:50Z;1380592809347010567;Thank you  bostonuniversity          Boston University will require all students enrolled in classes on our campuses to be vaccinated before the start of classes in the fall of 2021      CovidVaccine
2021-04-09T18:31:38Z;1380589235678367753; 100daysofwalking day 99  Walking proud as today I got my first  CovidVaccine     SendingPositiveVibes now off to bed      mentalhealth  MentalHealthMatters  selfcare  cancersurvivor  200daysofwalking  MentalHealthAwareness  health  Friday  feelingblessed 
2021-04-09T18:30:48Z;1380589026458107907;Got the 2nd dose of the Pzifer vaccine  I feel kinda pfine   pfizer  PfizerGang  VaccinesSaveLives  Meme  CovidVaccine 
2021-04-08T16:47:46Z;1380200710210531332;Something you don't see often   teaming up with GOP leaders like  and   not to mention  ncga Dems like  and Robert Reives  Let's do some more of this  huh   ncpol  NCed  COVID19  coronavirusNC  CovidVaccine 
2021-04-09T18:18:47Z;1380586001190490114;Can you choose your  CovidVaccine  I ve been invited for mine  but with my wife going blind after having the  AstraZeneca   having 2 kids to look after  me having the AZ vacc is an unnecessary risk for my family to take  Maybe  PfizerVaccine would be best for our situation  COVID
2021-04-09T18:18:47Z;1380586000473325577;Got my 1st dose of the COVID vaccine  Moderna    Very grateful to all the researchers  scientists  doctors  nurses and volunteers who made this possible  5Gready  CovidVaccine  Moderna    Andreas  BEWARE of giveaway scams      April 9  2021     aantonop  BoutDatBTCL 
2021-04-09T18:16:44Z;1380585484934639618;People who got  Moderna  COVIDvaccine report more side effects than Pfizer recipients  
2021-04-09T18:14:19Z;1380584876177432589;First hug this week in over a year    CovidVaccine  gratitude  family 
2021-04-09T18:12:33Z;1380584431308640262;Vaccine process  complete   COVID  CovidVaccine  COVID19Vaccine  Covid 19 
2021-04-09T18:04:43Z;1380582463165104132;No more masks  No more restrictions  No more TYRANNY  1 year destroying the global economy  EnoughIsEnough     covid  Covid19UK  COVID19Vaccine  CovidVaccine   covid19nfld  COVIDIOTS  COVID19ireland  COVID19BC  Covid 19   Covid19UK  Covid 19  COVID19france
2021-04-09T18:02:16Z;1380581845604179974;What an honour to have administered the 10 000th  CovidVaccine at the  hub this afternoon  Go team Airedale               
2021-04-09T17:45:57Z;1380577737274966017;Second Jab         flattenthecurve  PfizerVaccine  CovidVaccine 
2021-04-09T17:44:38Z;1380577408076554241;Every citizen has equal rights to covid vaccine    Why the moron refuses it to some states     CovidVaccine
2021-04-09T17:38:53Z;1380575958625832960;So Prince Philip got his covid vaccine  later he goes poof  is it related   CovidVaccine  PrincePhilip
2021-04-09T17:35:00Z;1380574983798198272;I did it  Got the vaccine  For months I was a hard  no   and today I was a  yes   Hoping this was the right decision   Super nervous  but we need to end this pandemic  I wanna be a part of the solution   CovidVaccine  JohnsonAndJohnsonVaccine  vaccinated
2021-04-09T17:26:45Z;1380572905088684032;Shot acquired   5 coupon for Walgreens    Also acquired   It's like my birthday     covid  CovidVaccine  vaccinated  covid19  corona  walgreens  windermere  florida  easy  nopain
2021-04-09T17:19:38Z;1380571114724749315;Which house have you been sorted into    CovidVaccine  fridaymorning 
2021-04-09T17:08:06Z;1380568212652310532;Got my second vaccine today   covidvaccine  vaccinated 
2021-04-08T22:42:00Z;1380289853254942723;Jen Clements  a  professor  found  CovidVaccine appointments for about 600 people   
2021-04-09T16:25:49Z;1380557574357929985;96  of current walk up  CovidVaccine sites in Los Angeles are within a 5 minute walk  1/4 mi  of  bus or rail service and 99  are within 1/2 mi    Plan your  CovidVaccination trip at  or use the Transit app  Google Maps or Apple Maps 
2021-04-09T16:24:45Z;1380557304802709504;My friend created a vaccine finder bot  where you can find vaccines available in  ElPaso Follow  help us share   ElPasoStrong  CovidVaccine  texas  COVID 19  Vaccines4All
2021-04-09T13:10:00Z;1380508292628242437;After European ban  India sets up committee to look into AstraZeneca vaccine  FoundOnPixstory     AstraZeneca  COVID  CovidVaccine
2021-04-09T15:55:28Z;1380549936333389834;This is the shot I want    COVACIN  COVID19  COVIDVaccine One shot  inactivated virus  no dry ice  potentially protects against mutated virus   FASTTRACK        
2021-04-09T15:50:04Z;1380548577034919940; FactFriday According to a recent survey  1/3 of respondents reported receiving at least one vaccine dose  while the  wait and see  option continues to shrink  More below    healthcare  COVIDvaccine  patientsafety  
2021-04-09T15:15:27Z;1380539864052072449;Not sure if I've reported it here but as of today I have now received two doses of the Pfizer vaccine   PfizerVaccine  PfizerCovidVaccine  COVID  COVID19  CovidVaccine
2021-04-09T15:08:31Z;1380538121306185728; COVID19  CovidVaccine  COVID One down  One to go    trustTheFacts  GetTheVax  vaccination  vaccines  vaccinated
2021-04-09T14:56:23Z;1380535064614801412; thank you for your quick response in assisting me with vaccine appointment for 84 year old disabled Vet    CovidVaccine
2021-04-09T14:49:36Z;1380533360519434241;HUGE shoutout and THANK YOU to everyone     CovidVaccine was organized  quick and painless  
2021-04-09T14:29:32Z;1380528310535348231;Covid 19 vaccination for  RTCstaff aged above 45 years in next 4 days  Ajay Kumar   NTVTelugu  NtvNews  Covidvaccine  TSRTC  Ajaukumar 
2021-04-09T14:27:52Z;1380527888022302720;I think this SECOND  CovidVaccine  Is turning me into a WHITE WALKER           
2021-04-09T05:19:42Z;1380389939939004416; ETNOWExclusive   47 vaccination centres in Mumbai shut today due to  vaccineshortage  according to sources     gives us the exclusive details    vaccines  COVIDSecondWave  COVIDvaccine  vaccination   MaharashtraLockdown 
2021-04-09T14:17:00Z;1380525153541632012;In case if you need to know about  CovidVaccine in Ramadan  Here's an important message from      Really appreciated that she's always there to convey the information     
2021-04-09T14:05:42Z;1380522310797496321;I'm officially totally vaccinated       Yes       CovidVaccine 
2021-04-09T13:53:08Z;1380519148653010946;As Hamilton says   I m not throwin  away my shot     CovidVaccine  vaccinated  VaccinesSaveLives 
2021-04-09T13:28:46Z;1380513015049650179;Results of our 2nd wave survey on attitudes towards  CovidVaccine in Belgium  Italy  Portugal and Spain are out      Despite some concerns  a wide majority of respondents are willing to get  vaccinated if given the opportunity      Discover results here   
2021-04-08T13:20:36Z;1380148571748626442;Republicans Reveal Exactly What Marjorie Taylor Greene Stands For  Using Her Own Words    Trump  Fauci  CNN  Democrats  Biden  NYTimes  GOPHypocrisy  WAPO  GOP  CovidVaccine  CapitolRiots  leadership  elections  HateCrime
2021-04-08T03:29:00Z;1379999693736976385;Check out these  students as they discuss what the  CovidVaccine is and how it works    WrightState  InThisTogetherOhio
2021-04-09T12:29:56Z;1380498211471818754;So we are saying that African scientists or the African Union can t produce this COVID 19 vaccine  Are we now waiting for the Astra whatever vaccines to be rolled out first   raiseafrica  CovidVaccine  Africa  africanunion  AU  BBC
2021-04-09T12:00:58Z;1380490919439384576;If you are a  stroke survivor the  COVID19 vaccine is the best way to protect yourself   To book your  CovidVaccine     Call 119    Visit    
2021-04-09T11:51:47Z;1380488609455833089; Incredible story and clearly  the  CovidVaccine wasn t developed in under a year  What a hero Dr Kariko is  A must read article 
2021-04-09T11:51:01Z;1380488415716630529;2 918 160 people have died of covid 19  coronavirus  covid  COVIDIOTS  CovidVaccine
2021-04-09T11:35:13Z;1380484441571786757;I tried to tell y all about  govx   They are going to be HUGE   CovidVaccine  onedose  variants  biotech  lowfloat  stocks  girltrader   
2021-04-09T11:18:13Z;1380480160927977478; Will there be more than 30 mourners at the funeral   dukeofedinburgh  CovidVaccine  royal  bbcnews
2021-04-08T10:24:03Z;1380104144959152130;In summary  some people are advised to avoid the vaccine we don t have enough of    instead have another vaccine we don t have enough of    AnnouncementsDontMakeAntibodies    CovidVaccine  AusPol  Covid19Aus
2021-04-08T07:15:37Z;1380056721742172161;Sri Lanka is in talks with the US to purchase the single shot Johnson   Johnson vaccine  Read the full story here      Srilanka  lka  CovidVaccine  coronavirus  COVID19  JohnsonAndJohnsonVaccine  
2021-04-09T10:25:02Z;1380466777520410631;Peltzman Effect  This Could be The Reason Why Covid Cases are Soaring Even After Vaccination    CovidCasesInIndia  CovidVaccine  COVID 19   
2021-04-08T09:57:40Z;1380097504105046018;Let me get this straight  It s taken 2 months to give 1mil people in  Japan the  CovidVaccine but they expect to do 36mil in the next 2 months   ihaveadream
2021-04-09T10:30:19Z;1380468107341352963;Worried about getting the  COVIDvaccine  Watch this short film to find out exactly what is involved    
2021-04-08T09:59:10Z;1380097880703242248;What proportion of the 70 74 year olds have had their first dose   We know they are vulnerable  They were all meant to have first dose by mid April ie in a weeks time  Can CEO tell us         CovidVaccine
2021-04-09T10:15:59Z;1380464503096279040;First one       Impfluencer  Impfung  CovidVaccine  Corona 
2021-04-09T10:05:33Z;1380461876090449921;By approaching the needs of the community such vaccinating out of places of worship  community centres   enabling local trusted teams shows that the confidence in the  CovidVaccine is achieved  This needs to be applied to other unmet health needs to tackle  healthinequalities 
2021-04-09T09:43:09Z;1380456238652121091;It's safe to get vaccinated    CovidVaccine  BharatBiotech          
2021-04-09T09:36:17Z;1380454508208123904;J J may soon launch COVID 19 vaccine trials in India  Report   JohnsonandJohnson  CovidVaccine
2021-04-09T09:25:02Z;1380451679448014848;Your second COVID vaccination is equally as important as your first  so when your second dose invite arrives make sure you get it booked in    covidvaccine  nhsstockport
2021-04-09T09:23:57Z;1380451408328196102;Ongoing goodwill and co operation from GPs is critically important to the successful delivery of the vaccine programme   Quite simply  GPs   and their patients   should not be having to battle delivery failures  Not at this stage   COVIDVaccine  COVID19Ireland  
2021-04-09T09:08:11Z;1380447438167756800;Thanks to the vaccination team at Walton Vaccination Centre  for another great session yesterday as a volunteer vaccinator       CovidVaccine
2021-04-09T09:01:20Z;1380445715823001601;Everyone is welcome in  GeneralPractice     In order to receive the  CovidVaccine it is really helpful if you are registered with a GP      Register today or visit        
2021-04-09T08:53:32Z;1380443751487840256;   Good News for       Was it with an  AstraZeneca  CovidVaccine stolen by      from       or      
2021-04-09T08:36:01Z;1380439342351446020;DG  Doordarshan  Mayank Kumar Agrawal  received his  FirstDose of  COVIDVaccine    LargestVaccineDrive  Unite2FightCorona     
2021-04-09T08:27:11Z;1380437118883926022; GenuineQuestion   if 1 city has excess vaccine while another city is facing a shortage  both same state   whose responsibility is it to re assign vaccines  State govt or Central govt   CovidVaccine
2021-04-09T07:28:09Z;1380422265930706949;'Though still rare  this risk appears to increase in younger people '     Could you let me know what this is based on  Only 3 people out of 19 who died were under 30      AstraZeneca  CovidVaccine
2021-04-09T07:11:01Z;1380417952629936131;  Whether its a BJP ruled state or a non BJP ruled  any wastage of a precious thing like  CovidVaccine is a colossal loss for our nation  In this event of crisis  every drop of the vile counts 
2021-04-09T05:28:40Z;1380392197166673921; thanks to you and the vaccine bot  I joined  tweeters  and got a vaccine appointment in under 3 hours  SchittsCreek  COVID19  CovidVaccine 
2021-04-09T03:12:52Z;1380358021398728707;  Freedom is found in those moments where an inspired heart must defeat your fear    love  HolocaustRemembranceDay  HumanRights  hope  WorldHealthDay2021  tigray  racism  ClimateAction  Sustainable  thursdayvibes  thursdaymorning  facebookdown  instagramdown  COVID  CovidVaccine 
2021-04-09T02:40:50Z;1380349960663666689;Taken second dose of BioNtech  Pfizer  Covid vaccine today   COVID19Vaccine  CovidVaccine     Please believe in science   get yourself vaccinated when your turn comes  Follow COVID appropriate behaviour  social distancing  wear mask  wash your hand  even after you are vaccinated
2021-04-09T02:26:17Z;1380346295731122176;India denied any pressure game/opening an embassy in Paraguay   Meanwhile  since this  news broke  there is a massive outrage on social media on  CovidVaccine availability/Diplomacy of India     Specially by  Congress  AAP and Left parties     any guess why    vaccination  
2021-04-08T02:20:53Z;1379982551515869187; Some experts blame government messaging for the empty appointment slots     KBF  COVID1984  COVIDvaccine 
2021-04-09T01:53:06Z;1380337947124195330;Laminated it and everything   covid  CovidVaccine  done 
2021-04-09T00:25:23Z;1380315869729988614;This is so interesting  mRNA vaccines are going to save so many lives  Thank you  KatalinKariko        CovidVaccine  Science  GetVaccinated 
2021-04-09T00:19:09Z;1380314304436637698;Just got my  CovidVaccine y all bitches can t tell me nothing   
2021-04-09T00:15:38Z;1380313417991417856;My parents are both in their 70 s  My mum has had 2 blood clots before in her legs  and my dad has emphysema  Is  COVIDVaccination safe for them  Is there a specific  CovidVaccine they should be getting  It s scary     Australia  covid19  COVID19Vic  ClotMorrison
2021-04-08T23:58:37Z;1380309137469304832;We did our part   CovidVaccine  COVID19Vaccine  PfizerVaccine 
2021-04-08T23:56:24Z;1380308579861757952;Thank you  for our 1st  CovidVaccine shots   Decided afterwards that the immune system needed a booster too  so we ate at      science 
2021-04-08T23:53:23Z;1380307819354804227;Assemblyman  receiving his  CovidVaccine earlier today at   
2021-04-08T23:04:27Z;1380295505238888449;Ninety percent of an unknown number  How thick are they   nzpol  COVID19nz  CovidVaccine 
2021-04-08T22:59:31Z;1380294261002792960;Check out today's Vaccine Equity Day town hall with Deputy Cabinet Secretary for the Department of Health Dr  Laura Chanchien Parajon discussing the  COVID19 vaccine and it's availability     VaccineEquity   COVIDvaccine   
2021-04-08T22:55:46Z;1380293317028552704;Dear People of  Walmart   The mask goes OVER your nose  not under it     Thank you for your cooperation   WearAMask  WearADamnMask  MaskUp  DontBeAMaskhole  MasksWork  StopTheSpread    IGotTheShot  IGotVaccinated  HalfwayVaccinated  COVID19  HalfwayToFullVaccinated  CovidVaccine 
2021-04-08T22:39:35Z;1380289248100749313;It's a personal choice to take the  CovidVaccine right now or to wait until it's been out for awhile 
2021-04-08T22:06:53Z;1380281018721001472;Very smooth process  A big thank you to all health care workers and everybody else being the vaccination   CovidVaccine  COVIDVaccination 
2021-04-08T22:00:37Z;1380279437946724355;   They turned a parking lot into a vaccine center at University of Miami and took people in groups of 10   It went very smoothly   CovidVaccine
2021-04-08T21:59:27Z;1380279147587543042;Got my J J shot today  Anxiety is leaving me     no symptoms so far   CovidVaccine  JohnsonAndJohnsonVaccine
2021-04-08T21:46:40Z;1380275928731881475;Being vaccinated does NOT mean you can go on an overnight drunk  then 10 days later set out to find the shark that ate your friend and destroy it    CovidVaccine  lifeaquatic
2021-04-08T21:46:32Z;1380275894657245186;We might be entering a whole new era of disease prevention based on  CovidVaccine tech  including the big ones  Yay  
2021-04-08T21:46:22Z;1380275855285383168;Why do we need two doses of the  mRNA  CovidVaccine     
2021-04-08T21:27:23Z;1380271077851594752;Jim Wells Residents   Vaccination clinic tomorrow  April 9th starting at 7 30am  Vaccines will be administered on a first come  first served basis   TexansRecoveringTogether  JimWellsCounty  Alice  CoastalBend  COVID19   CovidVaccine 
2021-04-08T20:00:56Z;1380249319593365511;Was talking with someone today about  CovidVaccine they still haven t gotten it  He said they  wife too  will wait until it s required for travel  Another good reason to implement  CovidPassport
2021-04-08T19:10:54Z;1380236727382577159; covidvaccine They opened Colorado up to anyone 16 and older can get the Covid vaccine  My 20 year old Daughter Frankie took it well I think  
2021-04-08T01:01:48Z;1379962646989000708;It might be tempting to print out and fill in a blank vaccination card you bought online  Here's why you shouldn't   dailyvoice  dvpilot  covidvaccine  vaccinecard  covidcard 
2021-04-08T18:30:01Z;1380226440399089664;The COVID 19 Vaccines from  Pfizer   Moderna  and  JohnsonAndJohnson are safe  effective  and FDA approved   Dana Farber encourages you to get vaccinated    COVID19  COVIDVaccine 
2021-04-08T18:18:45Z;1380223603828985869;The one time I ll ever be excited to get a shot   Round one     CovidVaccine 
2021-04-08T18:09:34Z;1380221292410929152;Got em   vaccination  PfizerGang  CovidVaccine 
2021-04-08T18:09:07Z;1380221181261975558;Got my 2nd dose of the vaccine today  Had to do something special  so I went dressed as Sailor Marvel  inspired by art by       CaptainMarvel  SailorMarvel  BrieLarson  Marvel  vaccinated  CovidVaccine  fuckoffcovid 
2021-04-08T17:49:16Z;1380216185808031744;With the news of the expected dates for ages getting the  vaccine in Sask   are you going to be getting yours when it is available    Other 30's age group   Will you be getting  poked after the May 31st booking date     covidsask  CovidVaccine  vaccinerollout
2021-04-08T17:28:40Z;1380211003112239113;Has anyone had luck with the   CovidVaccine pop ups  Considering going this weekend since we can t find appointments 
2021-04-08T17:24:11Z;1380209872688488454; After getting through the bullshit moral barriers established by organized religion and the pseudo conservatism that obscures fact  I finally convinced mom to get hers   J J    covid  covidvaccine 
2021-04-08T17:20:12Z;1380208870577045507; A very wrong way to see  I would say that s a typical doctors way   cure  prevention is last  countries like UAE or Israel have succeeded just because they took 2 pronged approach   CovidVaccine is the first in the list  Else no matter what u do  ventilators will never be enough 
2021-04-08T16:51:49Z;1380201728163782663;Wow    Just amazed how India wants to compete in everything   literally everything   FML      I Wish  Nayak  movie comes into reality  COVIDSecondWave  COVID19India  India  COVID   Covid19Update  COVID19Vaccination  CovidVaccine 
2021-04-08T16:50:20Z;1380201353612570630;Thanks to  for this story  With this  was able to phone around to a couple pharmacies   get an appt booked   Because  as the article points out  would never have known about it through the incompetent  website      COVID19  CovidVaccine
2021-04-08T16:42:02Z;1380199266891694085;          3  Now that its clear GOI has no roll to play in Manufacturing   Destribution of  CovidVaccine   let the nation know how much Vaccine did u order for India under the  PMCaresFund           
2021-04-08T16:33:34Z;1380197136302665729;37 doctors of the Sir Gangaram hospital have tested positive for  COVID19  32 doctors are in home isolation and 5 are admitted in the hospital   All these doctors were vaccinated   COVID19India  CovidVaccine  COVIDSecondWave   Delhi  
2021-04-08T16:30:08Z;1380196270875238410;If you are  breastfeeding  talk with your healthcare provider about the risks and benefits of vaccination for you  Most experts agree  the benefits of the  COVIDVaccine outweigh the very small safety concerns   Learn more   
2021-04-08T16:24:06Z;1380194751429795845; So all citizens irrespective of age can participate in this Utsav     CovidVaccine  GrandTotal2021  IndiaFightsCorona
2021-04-08T15:20:15Z;1380178682807918593; CovidVaccine me  VA well not official till 830  but still  I'm getting it 
2021-04-08T16:05:08Z;1380189980878852103;Morocco imposes Ramadan curfew  despite vaccine success     religion  religiousnews  morocco  ramadan  curfew  covidvaccine
2021-04-08T15:39:15Z;1380183464159363073;3  Unlike last time when the jab really properly hurt   totally pain free today  So  I think last time grumpy Dr was genuinely in a bad mood   stabbed me unnecessarily viciously in a slightly odd place and I haven t actually turned into a total wimp   covidvaccine  reasonstosmile
2021-04-08T15:36:58Z;1380182889984315392;Best  BirthdayPresent EVER   Your boy is a  VaccinatedKing      ImVaccinated  IGotVaccinated  HappyBirthdayToMe  CovidVaccine  VaccineHongKingston  VaccineWaters  AuntieVaccine  SanFrancisco  SF  PfizerKing 
2021-04-08T14:58:00Z;1380173083214979073;  director of bioethics    CovidVaccine  expert Johan Bester weighs in  
2021-04-08T14:56:13Z;1380172637104533506;A new report suggests that  India is the largest  buyer of the  Covidvaccine in the world    India    Covidvaccine    buyer   vaccination    
2021-04-08T14:50:42Z;1380171248810876929;For those curious  Got the J J vaccine on Tuesday  and so far the only notable side effect is a bit of muscle soreness  The injection site is still a bit tender but it's also a hardcore one and done shot   Go and get your vaccine     GetVaccinated  CovidVaccine
2021-04-08T12:46:48Z;1380140067772002306;Hey hoooman please wear a mask  maintain social distancing  use sanitizers  wash your hands frequently  go out if necessary and save you and others from Corona  Stay safe       CovidVaccine  CoronavirusIndia  coronavirus  COVID  COVID19  Covid 19    
2021-04-08T12:42:09Z;1380138897619968003;Wheaton UK USA South Africa Australia Canada Love Spell Caster  24/7 Best Psychic  Bring Back Lost Love  Marriage Prayer   Call   Signal   WhatsApp    27843769238     covid19insa  COVIDvaccine 
2021-04-08T12:35:23Z;1380137195235799043;  If you are  lt 50 years of age   eligible for Phase 1b  COVIDvaccine  see updated safety advice     We have limited supplies of  COVID19 vaccines   will reopen online bookings by 27 April 2021    
2021-04-08T10:55:37Z;1380112085464588291;I'm fed up with the British press' reports of  COVID19 vaccine side effects  Anxiety  but no information about the  rare  side effects to look out for  in addition to any patient information leaflet handed out at the time   It's here   CovidVaccine  
2021-04-08T10:45:33Z;1380109555619651586;COVID deaths surge by a record full day count of 74 to 9 521 as cases jump by 6 854 in the same period to 666 132    COVIDSecondWave  COVID 19  CovidVaccine
2021-04-08T10:39:01Z;1380107911720886274;Facts and evidence are what must be adhered to with regard to the  CovidVaccine   qanda
2021-04-08T10:34:44Z;1380106830622334977;For several months we have been saying Australia would benefit from having its own mRNA  CovidVaccine production capabilities  The more options we have the better  Going forward it could also help us in dealing with mutated  COVID19Aus strains if or when they emerge  
2021-04-08T09:32:47Z;1380091243078635524;Easy to suspend the rollout after you fucked up the supply chain  auspol  CovidVaccine  WheresTheVaccineScott
2021-04-08T01:22:35Z;1379967877361639425; CovidVaccine 2nd shot update  My fever is down to 100  Looks like the worst is over  The highest fever I ve had in my like was 99  Today was a wild ride  Aka miserable
2021-04-08T09:04:49Z;1380084204440985603;According to my  feverdream  the  chip is activated if you listen to a warranty robocall all the way to the end   seconddose  CovidVaccine
2021-04-08T08:46:10Z;1380079510964539393;Question 3  How can community and faith leaders help fight against vaccine hesitancy   Rosie Carter of  and Dr  discuss how community and faith leaders can address apprehension towards the  CovidVaccine  
2021-04-08T08:39:20Z;1380077788724662272;Covid vaccine           completed it mate       CovidVaccine  
2021-04-08T07:59:57Z;1380067877722628097;feel pity for those people who use Jio network/ Jio mobile also get free government sponsored  CovidVaccine shots and yet play blame game against Modi Ambani                                    
2021-04-08T07:08:35Z;1380054951091576833;First  CovidVaccine done  Such an Aussie view to wait for 15 minutes post    How amazing is science  
2021-04-08T05:53:04Z;1380035946054225924;Got my first  AstraZeneca  CovidVaccine today as part of Australia's 1b  vaccinerollout   Thanks    
2021-04-08T05:25:08Z;1380028920226021377;In a major jolt to the ongoing vaccination drive in Odisha  the state government Wednesday was forced to shut down over 700 vaccination centres owing to the shortage of Covishield vaccine     COVID19  CovidVaccine  Vaccination  Odisha 
2021-04-08T04:19:45Z;1380012465954549761;For those with underlying medical conditions  please be aware that the COVID vaccination can have a negative effect on you  My husband is a type 1 diabetic  He had his yesterday and collapsed at work today due to it affecting his blood sugar levels   CovidVaccine  COVID 19
2021-04-08T04:07:30Z;1380009379915653125; Great news    CovidVaccine  getvaccienated  GetVaxxed 
2021-04-08T04:03:59Z;1380008496951783426;Get the vaccines going for everyone everywhere    Get the Sputnik  Pfizer  Moderna et al  too  for Indians    Meanwhile  MASK UP  everyone  Don't be fools     COVID19   CovidVaccine
2021-04-08T03:26:19Z;1379999016839081985;Anyone experience side effects with the j j vaccine  if you ve already had Covid   vaccination  COVID19  CovidVaccine
2021-04-08T02:51:05Z;1379990148599848963; will WIN  IPL2021 bcoz they are the only team to survive without COVID till end as all of them had their 2 doses of  CovidVaccine  Respect Elders   ThursdayThoughts
2021-04-08T02:38:41Z;1379987030516506629;The vaccine needs to be given to those who need it and not those who want it      COVID19  COVIDSecondWave  CovidVaccine  Covishield   
2021-04-08T02:00:08Z;1379977326579027968;When registering to receive the  CovidVaccine  I had to show ID  This is racist  Jim Crow vaccine supression  because Blacks are of course incapable of producing ID   Hannity  Georgia  VoterSuppression  VoterID  MLB  WokeIncorporated
2021-04-08T01:47:01Z;1379974028274892801;Those who get the vaccine are on the road to losing their salvation    God  Jesus  Bible  Religion  Salvation   COVID19  CovidVaccine  COVID 19  vaccine  death  hell  eternity  Satan  Devil
2021-04-08T01:44:31Z;1379973397501841411;Hours after  Maharashtra's vaccine SOS to the    Covid 19 vaccination was stopped in Maharashtra's Satara on Wednesday night after district authorities ran out of doses   CovidVaccine 
2021-04-08T01:29:31Z;1379969624012288001;     vasuli is the only motto  Surely their will   CovidVaccine scam too  Sachin Waze claims 2 ministers  Ajit Pawar's 'aide' asked him to extort big time   Download the TOI app now  
2021-04-08T00:45:53Z;1379958642607263751;Alhumduliah  just booked my dad's appointment for tomorrow for the vaccine    CovidVaccine 
2021-04-08T00:38:06Z;1379956682571268097;Got my  JohnsonandJohnson shot early this afternoon   took about 6 hours to feel the flu like symptoms           although I feel like crap  I know this was the best thing to do        CovidVaccine  Janssens
2021-04-08T00:10:45Z;1379949799278002182; Thank you for  CovidVaccine distribution via  dialysis centers  I got my  vacine today  The  nurses should also be thanks and I hope   and  give you a  shoutout  The best of  NYC and  NJ
2021-04-07T23:58:18Z;1379946667374301185;So inspiring to see  who are trusted sources of info for us all during this pandemic share their reasons for recommending the  COVIDvaccine  
2021-04-07T23:56:03Z;1379946101416026113;Anyone else with Systemic Lupus get the J   J vaccine and feel like DEATH   CovidVaccine  Lupus
2021-04-07T23:55:07Z;1379945865259974657;I doddle while I waited for my second Pfizer shot  Sore arm now but so worth it   CovidVaccine  DoYourPart 
2021-04-07T23:33:08Z;1379940335669768196;I ve now been shot twice     CovidVaccine  VaccinesSaveLives  seconddose
2021-04-07T22:59:31Z;1379931875733561347;  So why was it so important for  board members to meet in the hospital   and not on zoom like the rest of the world    CovidVaccine  privilege  Hypocrisy
2021-04-07T22:28:48Z;1379924144553394182; So why won t you have the jab  It s not just to protect you  but those you come into contact with  CovidVaccine
2021-04-07T22:20:32Z;1379922062311972865; Do it together   CovidVaccine protects families 
2021-04-07T22:13:20Z;1379920251899494400;Lynda's reporting on  New  CovidVaccine  in  Norwalk movie location  Enjoy evening  Watching from my Parent's  SandsPoint   Compound  making           Rana  Janice Huff  Lynda  crew come by plenty of                   How do u like ur      steak  Thanku 
2021-04-07T22:04:55Z;1379918132760961025;The administration of the vaccine will take place in the atrium this Friday between 12 2pm     180 Debuys Rd  Biloxi MS 39532   COVID19  COVIDSecondWave  CovidVaccine  covid  Mississippi  msgulfcoast  COVID 19 
2021-04-07T21:57:55Z;1379916374361788421;Got injected 2nd Pfizer    15 min wait to see if I die  If I do  at least the Dodger won it all last year  Lol     pfizer  CovidVaccine  maui  cvslongs
2021-04-07T21:39:27Z;1379911727224123400;Same here  I've been to three very different types of vaccination sites for mine and others vaccines in the US and none of us received a reminder nor were there signs  This seems especially important following the first shot   socmar  CovidVaccine 
2021-04-07T21:39:13Z;1379911667417370625;I'm going to get the covid vaccine but I'm not going to use a vaccine passport    CovidVaccine  Montana
2021-04-07T21:39:01Z;1379911615827615747;Just got my 2nd dose of Pfizer today  Ready for hugs and high fives in a few weeks   CovidVaccine  ROUND2
2021-04-07T21:08:41Z;1379903982294999041;Laurie Idahosa responds after some Christian followers tackled her for taking COVID 19 vaccine     sopupdates  laurieidahosa  COVID19  CovidVaccine 
2021-04-07T21:03:38Z;1379902712691761154;Officially fully vaccinated by the Pfizer vaccine  Still being careful but happy to be a little safer    CovidVaccine  PfizerVaccine 
